user_id,name,email,phone_number,user_type
3,Brandon Whitaker,hodgeslisa@example.net,+1-729-470-0571x30501,Employer
4,Jack Martinez,jamesnelson@example.com,+1-342-656-7180,Employer
5,Kayla Holmes,williambishop@example.org,937-668-5967x42180,Employer
6,Robert Sampson,maurice29@example.net,965-316-6501x5153,Employer
7,Gary Nelson,meganparker@example.org,(859)309-9716x27096,Employer
8,Kevin Jackson,dhardin@example.net,697-398-6417,Employer
9,Derrick Barnett,michael63@example.com,814-346-6949,Employer
10,Lisa Murray,rodriguezrichard@example.com,3349685142,Employer
11,Tina Martinez,hannahyoung@example.com,001-477-205-8016x720,Employer
12,Anthony Jones,juliebarnett@example.com,(745)701-8533,Employer
13,Tony Ramos,henrychristopher@example.com,+1-474-519-7119x2054,Employer
14,Katie Rivera,bgriffin@example.net,489.350.8583x0684,Employer
15,April Delgado,lewisteresa@example.org,342-338-1756x883,Employer
16,David Berry,montgomerydaniel@example.org,921-759-4536x8604,Employer
17,Patrick Hawkins,sarahduarte@example.net,+1-540-678-3354x0493,Employer
18,Johnny Hernandez,lwarren@example.com,695-808-6556x9330,Employer
19,Corey Gonzalez,jennifer17@example.net,793-755-8597,Employer
20,Sandra Perry,qmelton@example.com,(350)593-3317,Employer
21,Debra West,oanderson@example.net,308-885-0045x61937,Employer
22,Kayla Garcia,williamsmichael@example.com,653-331-8334,Employer
23,Sarah Lopez,ashleybrown@example.com,687.960.5576,Employer
24,Tracy Duncan,ewells@example.org,387.221.6501x0607,Employer
25,Joshua Lopez,nichole83@example.net,277-775-3360x29000,Employer
26,Cody Jordan,trichard@example.com,001-895-983-1838x733,Employer
27,Crystal Walker,terrydavid@example.org,4056410116,Employer
28,Timothy Jennings,jennifersalinas@example.org,001-888-696-9895x61906,Employer
29,Dorothy Anderson,torresashley@example.com,421.628.5849x20340,Employer
30,Sarah Perez,jamestimothy@example.org,+1-217-728-5925,Employer
31,Brandon Dyer,carterkathryn@example.net,775-737-6562x8219,Employer
32,Veronica Robinson,annemcdonald@example.net,398.672.0852x7083,Employer
33,Robert Warren,taylorjustin@example.net,9359661122,Employer
34,Shannon Santiago,morrismichael@example.org,801-904-7483x09924,Employer
35,John Hart,ashleykirby@example.net,859-392-4700,Employer
36,John Griffith,edward74@example.net,839-411-2525x837,Employer
37,James Boyd,jwilliams@example.net,331-984-5582x76889,Employer
38,Jason Calhoun,randy87@example.org,660-800-9512x7182,Employer
39,Thomas Holt,herreraelizabeth@example.org,+1-711-270-8798x3495,Employer
40,Billy Miller,erik16@example.com,201-636-1276x5116,Employer
41,Ryan Coleman,swarner@example.com,(662)958-5056,Employer
42,Lindsey Grant,gonzalezmatthew@example.org,(256)371-4945x55644,Employer
43,Kathleen Vega,jason66@example.org,001-659-765-1001x87329,Employer
44,Heather Russo,alexis83@example.net,001-602-268-7538x2598,Employer
45,Michelle Salinas,nortonstacey@example.com,+1-529-594-9473x1852,Employer
46,Stephen Shields,linda25@example.com,(655)424-6087x5336,Employer
47,Jennifer Foster,mbishop@example.org,(690)435-3080x8750,Employer
48,Mary Carr,amandabrooks@example.net,(331)942-2186,Employer
49,William Weaver,sarah63@example.com,754.934.7535x677,Employer
50,Katie Gray,edwardskaylee@example.com,800-675-3023x165,Employer
51,Edward Nguyen,heatherwilliams@example.org,+1-700-820-2986,Employer
52,Christina Ford,collinsamanda@example.net,579.974.6064,Employer
53,David Love,kathy79@example.org,342-228-8709,Employer
54,Kimberly Anderson,kennedymelissa@example.com,(798)844-1978,Employer
55,Valerie Garcia,xking@example.net,001-514-431-2623x2068,Employer
56,Eric Charles,acostaandrea@example.com,(536)596-8051x85065,Employer
57,Kenneth Pierce,jameshoffman@example.org,001-643-683-2800x58853,Employer
58,Daniel Garza,wcunningham@example.org,415.845.5505,Employer
59,Donna Strickland,jenniferross@example.org,3573500337,Employer
60,Nicole Cobb,janet52@example.org,001-682-508-4079,Employer
61,Sean Stone,jenniferkelly@example.org,4867159221,Employer
62,Jacqueline Ruiz,christinecasey@example.net,705-833-5876x38811,Employer
63,Roger Bowen,melanieolsen@example.com,643.232.5145x897,Employer
64,Erin Johnson,jasminecarpenter@example.net,+1-817-821-3892x952,Employer
65,Paul Bird,campbellrichard@example.com,001-434-219-2963x42923,Employer
66,Sheena Allen,navarrobrandi@example.com,+1-291-563-9693x8232,Employer
67,Gabriel Morton,youngsavannah@example.com,6365591544,Employer
68,Elizabeth Johnson,kenneth78@example.org,(706)330-9240,Employer
69,Richard Clark,victornelson@example.org,(371)406-2824,Employer
70,Lori Duncan,mortoncharles@example.net,001-356-780-5842x1389,Employer
71,Tracy Maxwell,rachel18@example.com,+1-503-785-9244x8344,Employer
72,Craig Reed,william65@example.net,001-577-994-4578x16788,Employer
73,Jason Edwards Jr.,matthewbutler@example.net,(798)550-4329,Employer
74,Zachary Rodgers,robertenglish@example.com,+1-787-826-0631,Employer
75,Travis Cooper,olivervictor@example.net,964-554-6497x0894,Employer
76,Daniel Atkins,cflores@example.org,8254602024,Employer
77,Claire Rodriguez,mary32@example.net,+1-710-980-9463x309,Employer
78,Troy Weber,fhaley@example.org,254.876.5237,Employer
79,Eric Austin Jr.,smithronald@example.org,246-355-8515,Employer
80,Sheila Larson,eburgess@example.org,(804)280-2958,Employer
81,Clinton Farmer,campbellsavannah@example.com,001-257-560-7648x748,Employer
82,Shannon Carson,susancain@example.org,4215261264,Employer
83,Mr. Mark Acosta,darrenrivera@example.net,+1-309-609-0501x32163,Employer
84,Paula Brown,nicholas17@example.org,8824324800,Employer
85,Kelly Rodriguez,jamesreed@example.com,628.979.0041x0319,Employer
86,Patrick Molina,wrightdevin@example.org,714.271.8810x5672,Employer
87,Robert Cunningham,christopherjones@example.net,001-379-763-4309x58740,Employer
88,Toni Lozano,nancy55@example.org,(518)214-7291x01313,Employer
89,Steven Hanna,wendy00@example.org,001-484-389-5261,Employer
90,Jeffrey Schwartz,davischelsea@example.com,+1-847-759-9574x72718,Employer
91,Stephanie Erickson,nixoncrystal@example.net,+1-833-532-4053x9685,Employer
92,Amber Carson,millerkristina@example.net,+1-690-566-8742x04286,Employer
93,Mary Henson,qestes@example.net,986-892-3916,Employer
94,Danielle Mendoza,lindsey43@example.net,260-953-3252,Employer
95,Robert Davis,dana05@example.org,271-301-9041x9037,Employer
96,Eric Patel,jenna19@example.net,391.543.5821x281,Employer
97,Dakota Torres,ldavis@example.org,949.584.2250x666,Employer
98,Trevor Grant,weeksmichelle@example.org,884.913.2995x492,Employer
99,Richard Smith,burgesschristopher@example.net,001-712-932-5791,Employer
100,Pamela Vincent,heather73@example.org,668-577-7359x73481,Employer
101,Edward Griffith,pamela55@example.org,(332)707-9618x8565,Employer
1001,Chad Walter,hayestoni@example.net,(463)447-7625x78703,Jobseeker
1002,Brendan Berg,michellejohnson@example.com,468-317-6700x677,Jobseeker
1003,Robert Torres,cfrazier@example.com,860-549-1348,Jobseeker
1004,Amanda Stewart,harrisondavid@example.net,506-305-6974x0040,Jobseeker
1005,Selena Hall,dknapp@example.com,7488493608,Jobseeker
1006,Michael Mills,danielle67@example.net,3865880035,Jobseeker
1007,Gregory Bruce,smitheric@example.net,001-878-901-8334x66219,Jobseeker
1008,Clayton Maldonado,emily53@example.org,3518919406,Jobseeker
1009,Troy Williams,bryan62@example.com,536-876-9889,Jobseeker
1010,Alexander White,kevin05@example.com,950.966.1108,Jobseeker
1011,Terri Hester,brianna13@example.com,001-922-517-9981x889,Jobseeker
1012,Danielle Hart,michael78@example.com,6579243820,Jobseeker
1013,Steven Maldonado,vhart@example.net,+1-752-906-1489x1281,Jobseeker
1014,Thomas Clark,stephanietate@example.com,001-666-545-9545x87279,Jobseeker
1015,Julia Baird,whitestacey@example.com,001-249-823-6097x413,Jobseeker
1016,Jonathan Keith,juliebarajas@example.com,708-535-0500,Jobseeker
1017,Timothy Barrett,darrellcampbell@example.com,(327)979-4058x22367,Jobseeker
1018,Rhonda Hawkins,singhkrista@example.org,638.840.3918,Jobseeker
1019,Michael Roberts,yvonnestein@example.net,+1-786-727-1194x819,Jobseeker
1020,Samuel Sparks,deniselee@example.com,001-372-996-8323,Jobseeker
1021,Edwin Watson,wkent@example.com,+1-549-372-4926x31031,Jobseeker
1022,Sara Taylor,isnyder@example.org,001-653-267-7907x9161,Jobseeker
1023,Debra Hall,ymurillo@example.net,(537)817-3524x014,Jobseeker
1024,Robin Hebert,michael46@example.com,413.563.1771,Jobseeker
1025,Kimberly Baker,olsencassandra@example.net,283.951.0583x86719,Jobseeker
1026,Jason Bishop,gwendolyngibbs@example.org,001-628-641-9030x8507,Jobseeker
1027,Michael Perry,tom37@example.com,001-822-394-6011,Jobseeker
1028,Alisha Green,meltongail@example.com,570.986.1042x027,Jobseeker
1029,Suzanne Burgess,alizachary@example.com,+1-238-319-5792,Jobseeker
1030,Jeffrey Mendoza,michael38@example.com,296-331-4055x80740,Jobseeker
1031,Dakota Francis,wcastro@example.org,+1-248-957-6713x534,Jobseeker
1032,Robert Walker,monica17@example.com,001-299-306-9023x086,Jobseeker
1033,Melinda Howard,kennethrodriguez@example.org,+1-478-281-6347x4103,Jobseeker
1034,Trevor Fitzgerald,tammieanderson@example.net,240-505-4431x3772,Jobseeker
1035,Edward Ruiz,coopernicole@example.com,+1-805-626-6542,Jobseeker
1036,Laura Meadows,jennifer02@example.com,765-587-5932x194,Jobseeker
1037,Whitney Reyes,kathleendyer@example.org,(522)710-1747x62080,Jobseeker
1038,Julie Curtis,shannon04@example.net,(891)333-6350,Jobseeker
1039,Dominic Gregory,philip52@example.com,001-722-282-2887x874,Jobseeker
1040,Dylan Solomon,vhubbard@example.org,+1-576-585-8538x271,Jobseeker
1041,Andrew Evans,housepamela@example.org,001-659-564-0670x941,Jobseeker
1042,Ryan Garcia,heathertaylor@example.com,+1-651-919-3286x441,Jobseeker
1043,Patricia Trujillo,michaelolsen@example.org,(486)340-7473x9365,Jobseeker
1044,Nancy Cantrell,castillomichael@example.org,+1-976-335-5222,Jobseeker
1045,Frederick Watkins,brownmichelle@example.org,622.417.3655x28544,Jobseeker
1046,Francis Miller,andrea07@example.net,(555)472-3258,Jobseeker
1047,Jessica Bell,jenkinsdaniel@example.com,335.789.0160,Jobseeker
1048,Veronica Weaver,shawrobin@example.org,(299)797-4555x79996,Jobseeker
1049,Kathryn Hubbard,kylemiller@example.net,627.336.6840x205,Jobseeker
1050,Richard Valentine,duranchristian@example.org,001-713-647-2390,Jobseeker
1051,Ashley Richmond,floressteven@example.org,6409578298,Jobseeker
1052,Cheryl Ramirez,tgarcia@example.com,728.841.6458x4152,Jobseeker
1053,John Parker,lewismichael@example.net,001-883-625-3525x9868,Jobseeker
1054,Dawn Little,oblack@example.net,(272)646-6485x76205,Jobseeker
1055,Roger Anthony,tapiapatrick@example.org,001-914-492-7197,Jobseeker
1056,Thomas Carr,kelsey33@example.net,413.215.0730,Jobseeker
1057,Andrew Hicks,johnlutz@example.net,(687)642-3454x68356,Jobseeker
1058,Jeffrey Hendrix,michaelharmon@example.org,968-501-6179,Jobseeker
1059,Susan Sawyer,miguelgarcia@example.org,001-435-507-0042x369,Jobseeker
1060,Jamie Rodriguez,kellyeric@example.net,+1-970-450-4346x81467,Jobseeker
1061,Anthony Smith,lgutierrez@example.net,001-390-842-5113x241,Jobseeker
1062,Danielle Anderson,rkoch@example.com,7927128929,Jobseeker
1063,Mr. John Doyle,ibell@example.org,787-443-7719x70417,Jobseeker
1064,Jose Delgado PhD,charlesball@example.net,618.408.3509,Jobseeker
1065,Stephanie May,amy52@example.net,(201)646-9349x5486,Jobseeker
1066,Judith Rodriguez,brendangraham@example.com,368-367-7846,Jobseeker
1067,Jennifer Burton,tracyadams@example.org,001-214-956-7095,Jobseeker
1068,Julie Thomas,joshua45@example.com,+1-512-662-1190x89744,Jobseeker
1069,Erica Cooper,dmoran@example.org,5207258863,Jobseeker
1070,Michael House,rberg@example.net,(659)666-4501,Jobseeker
1071,Jason Hodges,flee@example.net,9475894072,Jobseeker
1072,Brenda Anderson,martha23@example.net,+1-377-980-2770x421,Jobseeker
1073,Michelle Ellison,annaparker@example.net,(947)634-1517x21841,Jobseeker
1074,Rhonda Garza,katherinebarnes@example.net,+1-656-966-7729x5069,Jobseeker
1075,Terry Mcclain,qwright@example.com,(803)681-2790,Jobseeker
1076,Thomas Stout,john09@example.com,001-215-424-9139x758,Jobseeker
1077,Adam Flynn,velasquezelizabeth@example.org,805-730-8160x31403,Jobseeker
1078,Connie Myers,tscott@example.org,001-573-651-7248x7376,Jobseeker
1079,James Walton,catherine25@example.net,(895)352-9277x3676,Jobseeker
1080,Janice Yates,gibbsmichelle@example.net,+1-252-441-5505,Jobseeker
1081,Susan Miller,sarajohnson@example.net,967-673-2908,Jobseeker
1082,Charles Thornton,abarnes@example.org,654-692-6386x7676,Jobseeker
1083,Sandra Stuart,urandall@example.net,8726170503,Jobseeker
1084,Juan Rojas,davidduncan@example.com,(988)789-6693,Jobseeker
1085,Logan Haynes,ataylor@example.net,789-712-1469,Jobseeker
1086,Jack Cox,nburke@example.com,001-939-854-9015,Jobseeker
1087,Robert Henderson,russellpruitt@example.net,213-780-5135x32116,Jobseeker
1088,Elizabeth Butler,pattersonbrandon@example.net,001-272-239-4080x2984,Jobseeker
1089,April Owens,ssmith@example.org,001-841-706-5247x4791,Jobseeker
1090,Sharon Guerrero,arthur24@example.com,632-431-3583x64618,Jobseeker
1091,Andrew Castillo,lhansen@example.com,001-563-577-1181x5529,Jobseeker
1092,John Davis,courtney19@example.net,(729)509-5044x371,Jobseeker
1093,Phillip Winters MD,katelynschultz@example.com,001-546-656-8360x41148,Jobseeker
1094,Kyle White,sanchezray@example.org,(429)714-6457,Jobseeker
1095,Jerry Gould,kellymichael@example.org,+1-307-381-7315x8148,Jobseeker
1096,Jacqueline Thompson,jose86@example.org,565-804-4629x3305,Jobseeker
1097,Trevor Carter,qpowell@example.org,(865)509-5794x1331,Jobseeker
1098,Juan Burns,pam45@example.net,931.353.2244,Jobseeker
1099,Judith Rose,nrios@example.net,470-782-8131x17590,Jobseeker
1100,Joe Ryan,reyeserika@example.net,+1-233-892-2184,Jobseeker